{
    "$schema": "http://schema.management.azure.com/schemas/2015-01-01/deploymentTemplate.json#",
    "contentVersion": "1.0.0.0",
    "parameters": {
        "factoryName": {
            "type": "string",
            "metadata": "Data Factory name",
            "defaultValue": "ADFPROJECT1022"
        },
        "ADLS_accountKey": {
            "type": "secureString",
            "metadata": "Secure string for 'accountKey' of 'ADLS'"
        },
        "File_Server_password": {
            "type": "secureString",
            "metadata": "Secure string for 'password' of 'File_Server'"
        },
        "ADLS_properties_typeProperties_url": {
            "type": "string",
            "defaultValue": "https://adlsadbproject1020.dfs.core.windows.net/"
        },
        "File_Server_properties_typeProperties_host": {
            "type": "string",
            "defaultValue": "C:\\"
        },
        "File_Server_properties_typeProperties_userId": {
            "type": "string",
            "defaultValue": "ead\\mvinay3"
        },
        "containerUri": {
            "type": "string",
            "metadata": "URI to storage account containing linked ARM templates"
        },
        "containerSasToken": {
            "type": "string",
            "metadata": "Sas token to storage account containing linked ARM templates"
        }
    },
    "variables": {
        "factoryId": "[concat('Microsoft.DataFactory/factories/', parameters('factoryName'))]"
    },
    "resources": [
        {
            "name": "ADFPROJECT1022_ArmTemplate_0",
            "type": "Microsoft.Resources/deployments",
            "apiVersion": "2018-02-01",
            "properties": {
                "mode": "incremental",
                "templateLink": {
                    "uri": "[concat(parameters('containerUri'), '/ArmTemplate_0.json', parameters('containerSasToken'))]",
                    "contentVersion": "1.0.0.0"
                },
                "parameters": {
                    "factoryName": {
                        "value": "[parameters('factoryName')]"
                    },
                    "ADLS_accountKey": {
                        "value": "[parameters('ADLS_accountKey')]"
                    },
                    "File_Server_password": {
                        "value": "[parameters('File_Server_password')]"
                    },
                    "ADLS_properties_typeProperties_url": {
                        "value": "[parameters('ADLS_properties_typeProperties_url')]"
                    },
                    "File_Server_properties_typeProperties_host": {
                        "value": "[parameters('File_Server_properties_typeProperties_host')]"
                    },
                    "File_Server_properties_typeProperties_userId": {
                        "value": "[parameters('File_Server_properties_typeProperties_userId')]"
                    }
                }
            },
            "dependsOn": []
        }
    ]
}