{
    "$schema": "https://schema.management.azure.com/schemas/2015-01-01/deploymentParameters.json#",
    "contentVersion": "1.0.0.0",
    "parameters": {
        "factoryName": {
            "value": "ADFPROJECT1022"
        },
        "ADLS_accountKey": {
            "value": ""
        },
        "File_Server_password": {
            "value": ""
        },
        "ADLS_properties_typeProperties_url": {
            "value": "https://adlsadbproject1020.dfs.core.windows.net/"
        },
        "File_Server_properties_typeProperties_host": {
            "value": "C:\\"
        },
        "File_Server_properties_typeProperties_userId": {
            "value": "ead\\mvinay3"
        }
    }
}