{
    "$schema": "http://schema.management.azure.com/schemas/2015-01-01/deploymentTemplate.json#",
    "contentVersion": "1.0.0.0",
    "parameters": {
        "factoryName": {
            "type": "string",
            "metadata": "Data Factory name",
            "defaultValue": "ADFPROJECT1022"
        },
        "ADLS_accountKey": {
            "type": "secureString",
            "metadata": "Secure string for 'accountKey' of 'ADLS'"
        },
        "File_Server_password": {
            "type": "secureString",
            "metadata": "Secure string for 'password' of 'File_Server'"
        },
        "ADLS_properties_typeProperties_url": {
            "type": "string",
            "defaultValue": "https://adlsadbproject1020.dfs.core.windows.net/"
        },
        "File_Server_properties_typeProperties_host": {
            "type": "string",
            "defaultValue": "C:\\"
        },
        "File_Server_properties_typeProperties_userId": {
            "type": "string",
            "defaultValue": "ead\\mvinay3"
        }
    },
    "variables": {
        "factoryId": "[concat('Microsoft.DataFactory/factories/', parameters('factoryName'))]"
    },
    "resources": [
        {
            "name": "[concat(parameters('factoryName'), '/Cloud_File_DS')]",
            "type": "Microsoft.DataFactory/factories/datasets",
            "apiVersion": "2018-06-01",
            "properties": {
                "linkedServiceName": {
                    "referenceName": "ADLS",
                    "type": "LinkedServiceReference"
                },
                "annotations": [],
                "type": "DelimitedText",
                "typeProperties": {
                    "location": {
                        "type": "AzureBlobFSLocation",
                        "fileSystem": "raw"
                    },
                    "columnDelimiter": ",",
                    "escapeChar": "\\",
                    "firstRowAsHeader": true,
                    "quoteChar": "\""
                },
                "schema": []
            },
            "dependsOn": [
                "[concat(variables('factoryId'), '/linkedServices/ADLS')]"
            ]
        },
        {
            "name": "[concat(parameters('factoryName'), '/On_prem_file_DS')]",
            "type": "Microsoft.DataFactory/factories/datasets",
            "apiVersion": "2018-06-01",
            "properties": {
                "linkedServiceName": {
                    "referenceName": "File_Server",
                    "type": "LinkedServiceReference"
                },
                "annotations": [],
                "type": "DelimitedText",
                "typeProperties": {
                    "location": {
                        "type": "FileServerLocation",
                        "fileName": "hospital_admissions.csv",
                        "folderPath": "Users/mvinay3/OneDrive - DXC Production/Documents/Vinay/Teksands/Project_On_ADF_and_ADB/CSV Files"
                    },
                    "columnDelimiter": ",",
                    "escapeChar": "\\",
                    "firstRowAsHeader": true,
                    "quoteChar": "\""
                },
                "schema": [
                    {
                        "type": "String"
                    },
                    {
                        "type": "String"
                    },
                    {
                        "type": "String"
                    },
                    {
                        "type": "String"
                    },
                    {
                        "type": "String"
                    },
                    {
                        "type": "String"
                    },
                    {
                        "type": "String"
                    }
                ]
            },
            "dependsOn": [
                "[concat(variables('factoryId'), '/linkedServices/File_Server')]"
            ]
        },
        {
            "name": "[concat(parameters('factoryName'), '/On_prem_file_Copy_Ds')]",
            "type": "Microsoft.DataFactory/factories/datasets",
            "apiVersion": "2018-06-01",
            "properties": {
                "linkedServiceName": {
                    "referenceName": "File_Server",
                    "type": "LinkedServiceReference"
                },
                "parameters": {
                    "File_Name": {
                        "type": "string"
                    }
                },
                "annotations": [],
                "type": "DelimitedText",
                "typeProperties": {
                    "location": {
                        "type": "FileServerLocation",
                        "fileName": {
                            "value": "@dataset().File_Name",
                            "type": "Expression"
                        },
                        "folderPath": "Users/mvinay3/OneDrive - DXC Production/Documents/Vinay/Teksands/Project_On_ADF_and_ADB/CSV Files"
                    },
                    "columnDelimiter": ",",
                    "escapeChar": "\\",
                    "firstRowAsHeader": true,
                    "quoteChar": "\""
                },
                "schema": []
            },
            "dependsOn": [
                "[concat(variables('factoryId'), '/linkedServices/File_Server')]"
            ]
        },
        {
            "name": "[concat(parameters('factoryName'), '/On_prem_to_Cloud_PL')]",
            "type": "Microsoft.DataFactory/factories/pipelines",
            "apiVersion": "2018-06-01",
            "properties": {
                "activities": [
                    {
                        "name": "Validation Data",
                        "type": "Validation",
                        "dependsOn": [],
                        "userProperties": [],
                        "typeProperties": {
                            "dataset": {
                                "referenceName": "On_prem_file_DS",
                                "type": "DatasetReference",
                                "parameters": {}
                            },
                            "timeout": "0.00:01:00",
                            "sleep": 10
                        }
                    },
                    {
                        "name": "Get Metadata",
                        "type": "GetMetadata",
                        "dependsOn": [
                            {
                                "activity": "Validation Data",
                                "dependencyConditions": [
                                    "Succeeded"
                                ]
                            }
                        ],
                        "policy": {
                            "timeout": "0.12:00:00",
                            "retry": 0,
                            "retryIntervalInSeconds": 30,
                            "secureOutput": false,
                            "secureInput": false
                        },
                        "userProperties": [],
                        "typeProperties": {
                            "dataset": {
                                "referenceName": "On_prem_file_DS",
                                "type": "DatasetReference",
                                "parameters": {}
                            },
                            "fieldList": [
                                "itemName",
                                "exists",
                                "structure",
                                "size"
                            ],
                            "storeSettings": {
                                "type": "FileServerReadSettings",
                                "recursive": true,
                                "enablePartitionDiscovery": false
                            },
                            "formatSettings": {
                                "type": "DelimitedTextReadSettings"
                            }
                        }
                    },
                    {
                        "name": "Lookup",
                        "type": "Lookup",
                        "dependsOn": [
                            {
                                "activity": "Get Metadata",
                                "dependencyConditions": [
                                    "Succeeded"
                                ]
                            }
                        ],
                        "policy": {
                            "timeout": "0.12:00:00",
                            "retry": 0,
                            "retryIntervalInSeconds": 30,
                            "secureOutput": false,
                            "secureInput": false
                        },
                        "userProperties": [],
                        "typeProperties": {
                            "source": {
                                "type": "DelimitedTextSource",
                                "storeSettings": {
                                    "type": "FileServerReadSettings",
                                    "recursive": true,
                                    "enablePartitionDiscovery": false
                                },
                                "formatSettings": {
                                    "type": "DelimitedTextReadSettings"
                                }
                            },
                            "dataset": {
                                "referenceName": "On_prem_file_DS",
                                "type": "DatasetReference",
                                "parameters": {}
                            },
                            "firstRowOnly": false
                        }
                    },
                    {
                        "name": "If Condition to check row count",
                        "type": "IfCondition",
                        "dependsOn": [
                            {
                                "activity": "Lookup",
                                "dependencyConditions": [
                                    "Succeeded"
                                ]
                            }
                        ],
                        "userProperties": [],
                        "typeProperties": {
                            "expression": {
                                "value": "@greater(activity('Lookup').output.count,1)",
                                "type": "Expression"
                            },
                            "ifFalseActivities": [
                                {
                                    "name": "Wait",
                                    "type": "Wait",
                                    "dependsOn": [],
                                    "userProperties": [],
                                    "typeProperties": {
                                        "waitTimeInSeconds": 5
                                    }
                                }
                            ],
                            "ifTrueActivities": [
                                {
                                    "name": "Copy data",
                                    "type": "Copy",
                                    "dependsOn": [],
                                    "policy": {
                                        "timeout": "0.12:00:00",
                                        "retry": 0,
                                        "retryIntervalInSeconds": 30,
                                        "secureOutput": false,
                                        "secureInput": false
                                    },
                                    "userProperties": [],
                                    "typeProperties": {
                                        "source": {
                                            "type": "DelimitedTextSource",
                                            "storeSettings": {
                                                "type": "FileServerReadSettings",
                                                "recursive": true,
                                                "enablePartitionDiscovery": false
                                            },
                                            "formatSettings": {
                                                "type": "DelimitedTextReadSettings"
                                            }
                                        },
                                        "sink": {
                                            "type": "DelimitedTextSink",
                                            "storeSettings": {
                                                "type": "AzureBlobFSWriteSettings",
                                                "copyBehavior": "PreserveHierarchy"
                                            },
                                            "formatSettings": {
                                                "type": "DelimitedTextWriteSettings",
                                                "quoteAllText": true,
                                                "fileExtension": ".txt"
                                            }
                                        },
                                        "enableStaging": false,
                                        "translator": {
                                            "type": "TabularTranslator",
                                            "typeConversion": true,
                                            "typeConversionSettings": {
                                                "allowDataTruncation": true,
                                                "treatBooleanAsNumber": false
                                            }
                                        }
                                    },
                                    "inputs": [
                                        {
                                            "referenceName": "On_prem_file_Copy_Ds",
                                            "type": "DatasetReference",
                                            "parameters": {
                                                "File_Name": {
                                                    "value": "@activity('Get Metadata').output.itemName",
                                                    "type": "Expression"
                                                }
                                            }
                                        }
                                    ],
                                    "outputs": [
                                        {
                                            "referenceName": "Cloud_File_DS",
                                            "type": "DatasetReference",
                                            "parameters": {}
                                        }
                                    ]
                                }
                            ]
                        }
                    }
                ],
                "policy": {
                    "elapsedTimeMetric": {},
                    "cancelAfter": {}
                },
                "annotations": [],
                "lastPublishTime": "2022-10-08T07:16:21Z"
            },
            "dependsOn": [
                "[concat(variables('factoryId'), '/datasets/On_prem_file_DS')]",
                "[concat(variables('factoryId'), '/datasets/On_prem_file_Copy_Ds')]",
                "[concat(variables('factoryId'), '/datasets/Cloud_File_DS')]"
            ]
        },
        {
            "name": "[concat(parameters('factoryName'), '/SHIR')]",
            "type": "Microsoft.DataFactory/factories/integrationRuntimes",
            "apiVersion": "2018-06-01",
            "properties": {
                "type": "SelfHosted",
                "typeProperties": {}
            },
            "dependsOn": []
        },
        {
            "name": "[concat(parameters('factoryName'), '/ADLS')]",
            "type": "Microsoft.DataFactory/factories/linkedServices",
            "apiVersion": "2018-06-01",
            "properties": {
                "annotations": [],
                "type": "AzureBlobFS",
                "typeProperties": {
                    "url": "[parameters('ADLS_properties_typeProperties_url')]",
                    "accountKey": {
                        "type": "SecureString",
                        "value": "[parameters('ADLS_accountKey')]"
                    }
                }
            },
            "dependsOn": []
        },
        {
            "name": "[concat(parameters('factoryName'), '/File_Server')]",
            "type": "Microsoft.DataFactory/factories/linkedServices",
            "apiVersion": "2018-06-01",
            "properties": {
                "annotations": [],
                "type": "FileServer",
                "typeProperties": {
                    "host": "[parameters('File_Server_properties_typeProperties_host')]",
                    "userId": "[parameters('File_Server_properties_typeProperties_userId')]",
                    "password": {
                        "type": "SecureString",
                        "value": "[parameters('File_Server_password')]"
                    }
                },
                "connectVia": {
                    "referenceName": "SHIR",
                    "type": "IntegrationRuntimeReference"
                }
            },
            "dependsOn": [
                "[concat(variables('factoryId'), '/integrationRuntimes/SHIR')]"
            ]
        },
        {
            "name": "[concat(parameters('factoryName'), '/Verify_data_from_on_prem_to Adls')]",
            "type": "Microsoft.DataFactory/factories/pipelines",
            "apiVersion": "2018-06-01",
            "properties": {
                "activities": [
                    {
                        "name": "Get Metadata on prem",
                        "type": "GetMetadata",
                        "dependsOn": [],
                        "policy": {
                            "timeout": "0.12:00:00",
                            "retry": 0,
                            "retryIntervalInSeconds": 30,
                            "secureOutput": false,
                            "secureInput": false
                        },
                        "userProperties": [],
                        "typeProperties": {
                            "dataset": {
                                "referenceName": "On_prem_file_DS",
                                "type": "DatasetReference",
                                "parameters": {}
                            },
                            "fieldList": [
                                "itemName",
                                "size",
                                "columnCount",
                                "structure"
                            ],
                            "storeSettings": {
                                "type": "FileServerReadSettings",
                                "enablePartitionDiscovery": false
                            },
                            "formatSettings": {
                                "type": "DelimitedTextReadSettings"
                            }
                        }
                    },
                    {
                        "name": "Get Metadata ADLS",
                        "type": "GetMetadata",
                        "dependsOn": [],
                        "policy": {
                            "timeout": "0.12:00:00",
                            "retry": 0,
                            "retryIntervalInSeconds": 30,
                            "secureOutput": false,
                            "secureInput": false
                        },
                        "userProperties": [],
                        "typeProperties": {
                            "dataset": {
                                "referenceName": "ADLS_File_DS",
                                "type": "DatasetReference",
                                "parameters": {}
                            },
                            "fieldList": [
                                "itemName",
                                "size",
                                "columnCount",
                                "structure"
                            ],
                            "storeSettings": {
                                "type": "AzureBlobFSReadSettings",
                                "enablePartitionDiscovery": false
                            },
                            "formatSettings": {
                                "type": "DelimitedTextReadSettings"
                            }
                        }
                    },
                    {
                        "name": "If Condition verifying record",
                        "type": "IfCondition",
                        "dependsOn": [
                            {
                                "activity": "Get Metadata on prem",
                                "dependencyConditions": [
                                    "Succeeded"
                                ]
                            },
                            {
                                "activity": "Get Metadata ADLS",
                                "dependencyConditions": [
                                    "Succeeded"
                                ]
                            }
                        ],
                        "userProperties": [],
                        "typeProperties": {
                            "expression": {
                                "value": "@equals(activity('Get Metadata ADLS').output.size,activity('Get Metadata on prem').output.size)",
                                "type": "Expression"
                            },
                            "ifFalseActivities": [
                                {
                                    "name": "Wait",
                                    "type": "Wait",
                                    "dependsOn": [],
                                    "userProperties": [],
                                    "typeProperties": {
                                        "waitTimeInSeconds": 5
                                    }
                                }
                            ]
                        }
                    }
                ],
                "policy": {
                    "elapsedTimeMetric": {},
                    "cancelAfter": {}
                },
                "annotations": []
            },
            "dependsOn": [
                "[concat(variables('factoryId'), '/datasets/On_prem_file_DS')]",
                "[concat(variables('factoryId'), '/datasets/ADLS_File_DS')]"
            ]
        },
        {
            "name": "[concat(parameters('factoryName'), '/ADLS_File_DS')]",
            "type": "Microsoft.DataFactory/factories/datasets",
            "apiVersion": "2018-06-01",
            "properties": {
                "linkedServiceName": {
                    "referenceName": "ADLS",
                    "type": "LinkedServiceReference"
                },
                "annotations": [],
                "type": "DelimitedText",
                "typeProperties": {
                    "location": {
                        "type": "AzureBlobFSLocation",
                        "fileName": "hospital_admissions.csv",
                        "fileSystem": "raw"
                    },
                    "columnDelimiter": ",",
                    "escapeChar": "\\",
                    "firstRowAsHeader": true,
                    "quoteChar": "\""
                },
                "schema": [
                    {
                        "name": "country",
                        "type": "String"
                    },
                    {
                        "name": "indicator",
                        "type": "String"
                    },
                    {
                        "name": "date",
                        "type": "String"
                    },
                    {
                        "name": "year_week",
                        "type": "String"
                    },
                    {
                        "name": "value",
                        "type": "String"
                    },
                    {
                        "name": "source",
                        "type": "String"
                    },
                    {
                        "name": "url",
                        "type": "String"
                    }
                ]
            },
            "dependsOn": [
                "[concat(variables('factoryId'), '/linkedServices/ADLS')]"
            ]
        }
    ]
}